sample_id,longitude,latitude,class_id,class_name,split
UR001,100.26987948881394,16.817238255225792,0,Urban,train
UR002,100.2854684876085,16.81750527479096,0,Urban,validation
UR003,100.25624850260026,16.80433357304044,0,Urban,validation
UR004,100.27954030460081,16.782360910855765,0,Urban,train
UR005,100.1975630987197,16.75321805950089,0,Urban,validation
UR006,100.20322792415915,16.765217073655787,0,Urban,train
UR007,100.21571628933249,16.799278641196203,0,Urban,train
UR008,100.22314064388571,16.808933100781108,0,Urban,train
UR009,100.29197685604392,16.818463829906104,0,Urban,validation
UR010,100.26039116268454,16.80820237327005,0,Urban,train
UR011,100.26193611507712,16.80770938959372,0,Urban,train
UR012,100.27240745907126,16.808284537091524,0,Urban,train
UR013,100.29872796640107,16.810027939182522,0,Urban,train
UR014,100.2631082306833,16.817915427785785,0,Urban,validation
UR015,100.24087965405712,16.794847806771298,0,Urban,train
UR016,100.19848772587882,16.748708796028698,0,Urban,train
UR017,100.19393869938956,16.746736236212477,0,Urban,train
UR018,100.20159254549658,16.767551147491723,0,Urban,validation
UR019,100.19215099372722,16.746348000315944,0,Urban,train
UR020,100.26310621776435,16.81312529764375,0,Urban,train
WA001,100.24347345546211,16.805728202745502,1,Water,train
WA002,100.21090084345241,16.787255710378233,1,Water,train
WA003,100.21074750196415,16.776319281521783,1,Water,train
WA004,100.22719564596392,16.806194654111287,1,Water,validation
WA005,100.26025651518016,16.813822721692546,1,Water,train
WA006,100.23862366699481,16.886399490079256,1,Water,train
WA007,100.23471837066913,16.890054234756924,1,Water,train
WA008,100.22827276413058,16.86699191422135,1,Water,train
WA009,100.2186557086401,16.84845509962541,1,Water,train
WA010,100.23423082024377,16.816950409731405,1,Water,train
WA011,100.24881392178827,16.7770178320407,1,Water,validation
WA012,100.24868519865792,16.776504224689642,1,Water,train
WA013,100.24207623564523,16.778497020018293,1,Water,train
WA014,100.19746089039074,16.737920028174546,1,Water,validation
WA015,100.19694590625988,16.737509056618414,1,Water,validation
WA016,100.19488596973645,16.733645880661573,1,Water,train
WA017,100.19647383747326,16.73389246870099,1,Water,validation
WA018,100.17617475353843,16.806375174295226,1,Water,validation
WA019,100.17746221386558,16.80629300964667,1,Water,train
WA020,100.18138896786338,16.81023687263014,1,Water,train
FO001,100.27173170900735,16.778150443542305,2,Forest,validation
FO002,100.2759374127427,16.777410850489467,2,Forest,train
FO003,100.27147421694193,16.778150443542305,2,Forest,validation
FO004,100.26791224337015,16.782053803633932,2,Forest,validation
FO005,100.46943880694465,16.89267739154505,2,Forest,validation
FO006,100.47699190753059,16.903189374705875,2,Forest,train
FO007,100.43669386904328,16.92065128275543,2,Forest,train
FO008,100.41746779482453,16.942985229729263,2,Forest,train
FO009,100.50244017641633,16.92262203172671,2,Forest,train
FO010,100.49952193300813,16.92919104600148,2,Forest,train
FO011,100.49883528750031,16.93773042184256,2,Forest,train
FO012,100.49317046206086,16.950210350844156,2,Forest,validation
FO013,100.49074698301834,16.959714609447484,2,Forest,train
FO014,100.45341364972668,16.87493304709125,2,Forest,train
FO015,100.46096675031262,16.887581394522716,2,Forest,train
FO016,100.49332087057998,16.948078940651207,2,Forest,train
FO017,100.50087397116592,16.937569462698708,2,Forest,validation
FO018,100.49898569601943,16.92081876888162,2,Forest,train
FO019,100.40777045214331,16.86941170488797,2,Forest,train
FO020,100.41086035692847,16.86941170488797,2,Forest,train
AG001,100.23208526252996,16.75405801516177,3,Agriculture,train
AG002,100.230111156695,16.756523616900427,3,Agriculture,validation
AG003,100.24993804573309,16.765399518618473,3,Agriculture,train
AG004,100.230111156695,16.76696097700699,3,Agriculture,train
AG005,100.2453712141173,16.741647151715142,3,Agriculture,validation
AG006,100.25060688611437,16.74329099691009,3,Agriculture,train
AG007,100.22286281501493,16.731279495852693,3,Agriculture,train
AG008,100.22312030708036,16.73423856800977,3,Agriculture,validation
AG009,100.2167688361331,16.732594644705742,3,Agriculture,train
AG010,100.20329341804228,16.727087398323608,3,Agriculture,validation
AG011,100.2226053229495,16.727416193618318,3,Agriculture,validation
AG012,100.18427397363962,16.752036888847197,3,Agriculture,train
AG013,100.18383959880512,16.755518147643983,3,Agriculture,validation
AG014,100.23029366039367,16.774770899287965,3,Agriculture,train
AG015,100.22548714183898,16.774770899287965,3,Agriculture,train
AG016,100.27181816211959,16.728133546566987,3,Agriculture,train
AG017,100.29130172840377,16.721494922050734,3,Agriculture,train
AG018,100.27259063831588,16.72264573685384,3,Agriculture,train
AG019,100.28612149922448,16.769656950256383,3,Agriculture,train
AG020,100.29976857869225,16.7690816857608,3,Agriculture,train
BA001,100.25384916035729,16.761109984331075,4,Bare soil,train
BA002,100.21990548565537,16.73842765449442,4,Bare soil,validation
BA003,100.21767388775498,16.73481108401278,4,Bare soil,train
BA004,100.2099491257921,16.732427397756613,4,Bare soil,validation
BA005,100.20145188763291,16.7307834588298,4,Bare soil,train
BA006,100.20381223156602,16.740318107196664,4,Bare soil,train
BA007,100.2016355260533,16.721318110689968,4,Bare soil,train
BA008,100.19159333550154,16.725921332500867,4,Bare soil,validation
BA009,100.19899718622202,16.7134423249417,4,Bare soil,train
BA010,100.21760585908093,16.728677145783585,4,Bare soil,train
BA011,100.23365619782605,16.769771816726927,4,Bare soil,train
BA012,100.25665882233777,16.764594376743226,4,Bare soil,train
BA013,100.39198941374809,16.92002951163515,4,Bare soil,train
BA014,100.39147442961723,16.92438156913247,4,Bare soil,validation
BA015,100.40005749846489,16.932839053541517,4,Bare soil,train
BA016,100.44970378903963,16.937964367619227,4,Bare soil,train
BA017,100.42953357724764,16.948145411898988,4,Bare soil,train
BA018,100.39436004921019,16.955321635352664,4,Bare soil,validation
BA019,100.43264053627074,16.953433329571215,4,Bare soil,train
BA020,100.42259834571898,16.96074014659674,4,Bare soil,train
BA021,100.44894836708129,16.95515743560311,4,Bare soil,validation
